,value,value,value,value
,mean,min,max,count
category,,,,
A,11.5,10,13,4
B,15.666666666666666,14,18,3
C,27.666666666666668,25,30,3
